Collection_ID,Collection_Name
68501340216,Yoga Accessories
68501372984,Women's Yoga Clothes
68501405752,Yoga Tank Tops
68501438520,Yoga Short Sleeve Shirts
68501471288,Yoga Long Sleeve Shirts
68501504056,Yoga Warm Ups
68501536824,Yoga Shorts
68501569592,Yoga Capris
68501602360,Yoga Pants
68501667896,New Arrivals
68501635128,Yoga Sports Bras
68501700664,Yoga Shop
68530274360,Yoga Clothes
68530372664,Women's Yoga Clothes
68530995256,Yoga Tops
68531552312,Tanks
68531683384,Short Sleeve
68531716152,Long Sleeve
68531748920,Sports Bras
68531781688,Yoga Pants
68532011064,Pants
68532207672,Flare
68532174904,Tights
68532240440,Straight Leg
68532273208,Leggings
68532437048,Shorts
68532469816,Yoga Skirts
68532502584,Jackets & Sweatshirts
68532666424,Yoga Socks & Gloves
68532797496,Accessories
68532830264,Intimates
68532863032,Men's Yoga Clothes
68532895800,Men's Shirts
68533059640,Men's Pants
68533092408,Men's Shorts
68533125176,Men's Jackets & Hoodies
68533157944,Socks & Gloves
68533190712,Yoga Mats & Props
68533223480,Solid Yoga Mats
68533256248,Printed Yoga Mats
68533289016,Eco Yoga Mats
68533321784,Travel Yoga Mats
68533354552,Long Yoga Mats
68533387320,Hot Yoga Mats
68533420088,Yoga Rugs
68533452856,Specialty Yoga Mats
68533485624,Round Yoga Mats
68533518392,Latex Free Yoga Mats
68533551160,Exercise and Pilates Mats
68533583928,Self-Guided Yoga Mats
68533616696,Kids' Yoga Mats
68533649464,Custom Printed Yoga Mats
68533682232,Yoga Mat Rolls
68533715000,Yoga Mat Cleaner & Spray
68533813304,Yoga Gear
68533846072,Mats
68533878840,Solid Yoga Mats
68533911608,Printed Yoga Mats
68533944376,Eco Yoga Mats
68533977144,Travel Yoga Mats
68534009912,Extra Long/Wide Mats
68534042680,Hot Yoga Mats
68534075448,Yoga Rugs
68534108216,Specialty Yoga Mats
68534140984,Round Yoga Mats
68534173752,Latex Free Yoga Mats
68534206520,Exercise and Pilates Mats
68534239288,Self-Guided Yoga Mats
68534272056,Kids' Yoga Mats
68534304824,Custom Printed Yoga Mats
68534337592,Yoga Mat Rolls
68534370360,Yoga Mat Cleansers
68534403128,Yoga Blocks
68534435896,Yoga Straps
68534468664,Bolsters & Cushions
68534501432,Neck Rolls
68534534200,Wedges
68534566968,Yoga Towels
68534599736,Hand Towels
68534632504,Mat Towels
68534665272,Eye Pillows
68534698040,Blankets
68534730808,Yoga Mat Bags
68534763576,Bags
68534796344,Slings
68534829112,Yoga Mat Cleaner & Spray
68534861880,Yoga Kits
68534894648,Water Bottles
68534927416,DVDs
68534960184,Beginner
68534992952,Intermediate
68535025720,Advanced
68535058488,Power
68535091256,Pre/Post Natal
68535124024,Weight Loss
68535156792,DVD Sets
68535189560,Music
68535222328,Books
68535255096,Fitness Accessories
68535287864,Fitness Balls
68535320632,Fitness Mats
68535353400,Fitness Gear
68535386168,Foam Rollers & Self Massage
68535418936,Fitness Bands
68535451704,Gym Bags
68535484472,Studio Equipment
68535517240,Yoga Mat Racks
68535550008,Yoga Mat Rolls
68535582776,Jewelry
68535615544,Eco Boutique
68536008760,Eco Clothing
68536041528,Women's Eco Clothing
68536107064,Tops
68536139832,Tank Tops
68536172600,Short Sleeve Tops
68536205368,Long Sleeve Tops
68536238136,Sports Bras
68536270904,Bottoms
68536303672,Pants
68536336440,Joggers
68536369208,Tights
68536401976,Straight Leg
68536434744,Leggings
68536467512,Shorts
68536500280,Skirts and Dresses
68536533048,Jackets & Wraps
68536565816,Socks & Gloves
68536598584,Headbands
68536631352,Undies
68536664120,Men's Eco Clothing
68536696888,Shirts
68536729656,Pants
68536762424,Shorts
68536795192,Outerwear & Hoodies
68536827960,Socks & Gloves
68536860728,Headbands
68536893496,Eco Yoga Mats
68536959032,Meditation
68536991800,Zafus
68537024568,Zabutans
68537057336,Health & Beauty
68537122872,Beauty
68537155640,Ayurvedic
68537188408,What's New
68537221176,Sale
68532699192,Yoga Socks
68532731960,Yoga Gloves
68540891192,Men's Yoga Clothes
68540923960,Men's Yoga Tops
68540956728,Men's Yoga Bottoms
68540989496,Yoga Pants
68537253944,Top Sellers
68533747768,Thick Mats
68533780536,Thin Mats
68537286712,Yoga Mats & Props
68537974840,Yoga Mats
68538204216,Thick Mats
68538236984,Standard Mats
68538269752,Hot Yoga
68538302520,Eco-Friendly
68538368056,Extra Long/Extra Wide
68538400824,Mat Cleaners
68538499128,Yoga Towels
68538597432,Hot Yoga Towels
68538630200,Extra Long Towels
68538662968,Hand Towels
68538695736,Yoga Blocks
68538761272,Foam Blocks
68538794040,Cork Blocks
68538826808,Wood Blocks
68538859576,Yoga Straps
68538925112,8 Foot Yoga Straps
68538957880,6 Foot Yoga Straps
68538990648,Wedges
68539023416,Yoga Bolsters & Cushions
68539088952,Yoga Bolsters
68539121720,Meditation Cushions
68539154488,Neck Pillow
68539187256,Yoga Eye & Neck Pillows
68539220024,Yoga Blankets
68538433592,Yoga Rugs
68539252792,Yoga Blankets
68539285560,Water Bottles
68539318328,Glass
68539351096,Stainless Steel
68539383864,Mat Bags
68539416632,Slings
68539449400,Mat Bags
68539482168,Mat Cleaners
68539514936,Starter Kits
68539547704,Yoga Mats & Props Sale
68539580472,Accessories
68539973688,Jewelry
68540071992,Necklaces
68540104760,Bracelets
68540137528,Earrings
68540170296,Malas
68540203064,Health & Beauty
68540235832,Bath & Body
68540268600,Skin Care
68540301368,Hair Care
68540334136,Aromatherapy & Essential Oils
68540366904,Essential Oils
68504944696,Nutrition
68504977464,Non-GMO Energy Bars & Snacks
68505010232,Superfoods
68505043000,Natural Herbs & Supplements
68505075768,Herbal Teas
68540399672,Mat Bags
68540465208,Totes
68540497976,Mat Bags
68540530744,Mat Bags
68540563512,Hair Accessories
68540629048,Scarves
68540661816,Headbands
68540694584,Water Bottles
68540792888,Glass
68540825656,Stainless Steel
68540858424,Accessories Sale
68538466360,Travel Mats
68537352248,Foam Rollers
68537319480,Fitness Accessories
68537385016,Medicine Balls
68537417784,Resistance Bands
68501733432,Meditation Essentials
68501766200,Meditation Cushions
68501798968,Zafus & Meditation Cushions
68501831736,Benches
68501897272,Meditation Shawls
68501930040,Wool
68501962808,Cotton
68502126648,Altar Accessories
68502159416,Prayer Flags
68502192184,Incense
68502224952,Smudge Sticks
68502257720,Incense
68502290488,Burners
68502323256,Tibetan Singing Bowls
68502356024,Gongs
68502388792,Singing Bowls
68502487096,Tingsha Bells
68502519864,Meditation Bells
68502585400,Japa Malas
68503044152,Aromatherapy
68503076920,Aromatherapy Sprays & Sticks
68503109688,Essential Oils
68502618168,Crystals & Gemstones
68502650936,Healing Crystals
68502683704,Smooth Gemstones
68502716472,Pendulums
68502749240,Shiva Lingams
68502782008,Meditation Books
68502814776,Meditation CDs & DVDs
68502847544,CDs
68502880312,Music
68502913080,Guided Meditation
68502945848,DVDs
68502978616,Meditation Essentials Sale
68503011384,Home & Wellness
68503240760,Yoga Books
68503273528,Our Favorites
68503306296,Instructional
68503339064,Philosophy
68503371832,Meditation
68503470136,Yoga Journals
68503404600,Energy/Healing
68503502904,Yoga DVDs
68503535672,Our Favorites
68503568440,Beginner
68503601208,Intermediate-Advanced
68503633976,Pre/Post Natal
68503666744,Kids/Teens
68503699512,Therapy
68503994424,CDs
68504027192,Music
68504059960,Guided Meditations/Classes
68504092728,Guided Classes
68504158264,Lectures
68505108536,Books, DVDs & CDs Sale
68530405432,Intimates
68530438200,Apr√®s Yoga
68530503736,Dresses & Skirts
68530536504,Pants
68530602040,Tops
68530667576,Plus Size
68530700344,Tops
68530733112,Bottoms
68530307128,Clothing Sale
68538007608,Non Slip Yoga Mats
68539613240,Yoga Socks & Gloves
68539646008,Yoga Socks & Gloves
68539678776,Yoga Grip Socks & Gloves
68539711544,Socks
68539744312,Gloves
68505174072,The Holiday Gift Shop 
68505239608,Gifts Under $30
68505272376,Gifts Under $50
68505305144,Gifts Under $100
68538040376,Travel Mats
68538105912,Pilates Mats
68503732280,Power Yoga
68503765048,Vinyasa
68503797816,Ashtanga
68503830584,Kundalini
68503928888,Conditioning/Cross Training
68503961656,Meditation
68506320952,Getting Started
68506353720,Mats
68506386488,Clothing
68506419256,Men's
68506452024,Women's
68530765880,Activewear
68507435064,Yoga for Conditioning
68507500600,Activewear
68507533368,Yoga Mats & Towels
68507566136,Props & Accessories
68507598904,Books & Media to Get Started
68537516088,Yoga Therapy Accessories
68507697208,Hot Yoga Shop
68507729976,Hot Yoga Activewear
68507795512,Hot Yoga Tanks
68507861048,Hot Yoga Sports Bras
68507893816,Hot Yoga Leggings
68507926584,Hot Yoga Shorts
68507959352,After Class
68507992120,Hot Yoga Mats & Accessories
68508024888,Hot Yoga Mats
68508057656,Hot Yoga Towels
68508090424,Hot Yoga Mat Cleaners
68508123192,Hot Yoga Water Bottles
68507631672,Practice Type
68532305976,Capri Leggings
68532338744,Long Leggings
68531814456,Wide Leg
68532043832,Sweat Pants
68531028024,Intimates
68531126328,Bras
68531159096,Undies
68532371512,Printed Leggings
68538073144,Travel Totes & Mats
68537745464,Yoga Props
68537778232,Blocks
68537811000,Straps
68537843768,Yoga Bolsters
68537876536,Wedges
68538138680,Kids Yoga Mats
68538892344,10 Foot Yoga Straps
68539056184,Meditation Cushions
68540432440,Yoga Mat Slings
68514283576,Kundalini Shop
68514316344,Ashtanga Shop
68514349112,Ariel Yoga Shop
68514381880,Vinyasa Shop
68514480184,Iyengar Shop
68514545720,SUP Yoga Shop
68517920824,Meditation Shop
68517953592,Getting Started
68517986360,Reiki & Massage Shop
68518051896,Restorative/Yin Shop
68514578488,Women's Activewear
68514611256,Active Bottoms
68514644024,Tanks
68514840632,Sun Protective Tops
68516511800,Paddleboards & Gear
68516544568,Paddleboards
68516577336,Paddles
68516839480,Waterproof Electronics
68516905016,Speakers
68516937784,Cameras
68517036088,Accessories
68517068856,Jewelry
68517101624,Sunglasses
68517134392,Dry Bags
68531191864,Support Tops
68531617848,Layering Tanks
68531650616,Support Tanks
68532535352,Jackets
68532568120,Hoodies
68532600888,Pullovers
68531847224,Yoga Joggers & Sweatpants
68532633656,Wraps
68532076600,Sweatpants
68532142136,Sweatpants
68538531896,Mat Towels
68518084664,Pilates Shop
68518117432,Women's Clothing
68518150200,Men's Clothing
68518445112,Accessories
68519133240,Pilates Mats & Towels
68520214584,Pilates Props
68521361464,DVDs
68536074296,Dresses & Skirts
68535648312,Eco Towels
68535681080,Eco Mat Bags
68535713848,Eco Props
68535746616,Eco Straps
68535779384,Eco Blocks
68535812152,Eco Blankets
68535844920,Eco Bolsters & Cushions
68535877688,Eco Accessories
68535910456,Eco Jewelry
68535943224,Eco Headbands
68521459768,Activewear
68521590840,Tops
68521623608,Tanks
68521656376,Short Sleeve
68521721912,Long Sleeve
68521754680,Support Tops
68522016824,Sports Bras
68522049592,Bottoms
68522115128,Pants & Leggings
68522311736,Long Leggings
68522344504,Capri Leggings
68522475576,Shorts
68522147896,Pants
68522180664,Joggers
68522246200,Straight Leg
68522508344,Apres Pilates
68522573880,Tops
68522606648,Tanks
68522672184,Short Sleeve
68522704952,Long Sleeve
68522803256,Pants
68522901560,Joggers
68522934328,Straight Leg
68522967096,Wide Leg
68523065400,Shorts
68523098168,Jackets & Coverups
68518182968,Pilates Clothing
68518215736,Pilates Shirts
68518248504,Tanks
68518281272,Short Sleeve
68518314040,Shorts
68518379576,Pants
68518477880,Water Bottles
68518510648,Glass Water Bottles
68518543416,Stainless Steel Water Bottles
68518576184,Studio Socks
68518608952,Socks
68518641720,Gloves
68518707256,Jewelry
68518772792,Necklaces
68518871096,Bracelets
68518903864,Earrings
68518936632,Rings
68518969400,Mat Carriers
68519067704,Tote Bags
68519100472,Studio Bags
68519198776,Pilates Mats
68519264312,Pilates Mats
68519297080,Thick Mats
68519362616,Sticky Mats
68519428152,Eco-Friendly
68519493688,Performance Mats
68519526456,Extra Long/Wide Mats
68519591992,Travel Mats
68519624760,Mat Cleaners
68519657528,Towels
68519723064,Hand Towels
68519821368,Mat Towels
68519886904,Grip Towels
68519919672,Extra Long Towels
68519952440,Mat Bags
68519985208,Mat Bags
68520050744,Mat Slings
68520149048,Mat Cleaners
68520247352,Pilates Bands & Circles
68520345656,Resistance Bands
68520443960,Pilates Balls
68520509496,Medicine Balls
68520542264,Therapy Balls
68520575032,Stability Balls
68520607800,Toning Balls
68520640568,Circles
68520673336,Rollers
68520706104,Weights
68520771640,Pilates Blocks
68520804408,Blocks
68520935480,Cushions
68521066552,Straps
68521132088,6'
68521197624,8'
68521263160,10'
68521295928,Conditioning Towels
68508188728,Women's Hot Yoga Clothing
68508221496,Hot Yoga Activewear
68508287032,Hot Yoga Tanks
68508319800,Tanks
68508352568,Hot Yoga Support Tanks
68508385336,Hot Yoga Layering Tanks
68508483640,Support Tops
68508680248,Short Sleeve
68508713016,Long Sleeve
68508811320,Hot Yoga Sports Bras
68508844088,Bottoms
68509040696,Leggings & Capris
68509204536,Hot Yoga Long Leggings
68509335608,Hot Yoga Capris
68509499448,Hot Yoga Shorts
68509532216,Yoga Swimwear
68509564984,Tops
68509597752,Bottoms
68509696056,One Pieces
68509859896,Active Accessories
68509925432,Headbands
68510023736,Grip Socks & Gloves
68510056504,Socks
68510089272,Gloves
68510122040,Apres Yoga
68510187576,Tops
68510220344,Tanks
68510253112,Short Sleeve
68510318648,Long Sleeve
68510351416,Jackets & Wraps
68510416952,Jackets
68510515256,Wraps & Cardigans
68510548024,Pullovers
68510580792,Pants
68510646328,Dresses & Skirts
68510679096,Men's Clothing
68511137848,Hot Yoga Shirts
68511268920,Tanks
68511301688,Short Sleeve
68510711864,Hot Yoga Swimwear
68510744632,Shorts
68510842936,Briefs
68510875704,Pants
68510941240,Compression Tights
68510974008,Pants
68511072312,Shorts
68511334456,Hot Yoga Accessories
68511399992,Jewelry
68511432760,Headbands
68511465528,Mat Carriers
68511531064,Studio Bags
68511596600,Mat Bags
68511662136,Water Bottles
68511694904,Personal Care
68511727672,Cooling Gels
68511760440,Essential Oils
68511793208,Body Sprays
68511825976,Mat Cleaners
68511924280,Mats, Towels & Accessories
68511957048,Hot Yoga Mats
68511989816,Hot Yoga Mats
68512022584,Eco-Friendly Mats
68512055352,Thick Mats
68512088120,Standard Mats
68512120888,Extra Long/Wide Mats
68512153656,Travel Mats
68512186424,Mat Cleaners
68512219192,Hot Yoga Towels
68512284728,Mat Towels
68512317496,Hand Towels
68512383032,Grip Towels
68512448568,Extra Long Towels
68512546872,Mat Bags
68512579640,Mat Bags
68512710712,Mat Slings
68512809016,Hot Yoga Props
68512841784,Blocks
68512874552,Cork
68513005624,Wood
68513103928,Foam
68513136696,Straps
68513169464,6'
68513202232,8'
68513267768,10'
68513333304,Bolsters & Cushions
68513366072,Bolsters
68513398840,Eye Pillows
68513497144,Meditation Cushions
68513562680,Rollers
68513595448,Therapy Balls
68513628216,Educational Tools
68513660984,Books
68513693752,Journals
68513726520,DVDs
68523163704,Women's Clothing
68514676792,Tanks
68514709560,Support Tanks
68514742328,Layering Tanks
68514775096,Short Sleeve
68514938936,Rash Guards
68514971704,Sports Bras
68515070008,Leggings
68515168312,SUP Yoga Long Leggings
68515332152,SUP Yoga Capris
68515364920,Shorts
68515430456,Swimwear
68515528760,Tops
68515659832,Bottoms
68515790904,One Pieces
68515823672,Active Accessories
68515856440,Headbands
68515987512,Hats
68516151352,Sunglasses
68523196472,Sun Protective Clothing
68523262008,Rash Guards
68516315192,Jackets & Windbreakers
68516380728,Jackets
68516413496,Windbreakers
68516446264,Hoodies
68516479032,Wetsuits
68523294776,Pants
68523327544,Joggers
68523360312,Leggings
68523393080,Shorts
68517462072,Men's Activewear
68517494840,Tanks
68517527608,Rash Guards
68517560376,Boardshorts
68517625912,Jackets & Windbreakers
68517691448,Wetsuits
68517724216,Accessories
68517756984,Hats
68517789752,Sunglasses
68517822520,Water Shoes
68517855288,Women's
68517888056,Men's
68517199928,Hats
68517265464,Waterproof Cases
68517298232,Sunscreen
68517396536,Towels
68517003320,Waterproof Cases
68516610104,Fins
68516773944,Board Covers
68521787448,Support Tanks
68521885752,Layering Tanks
68522278968,Leggings
68523425848,Vinyasa
68523458616,Women's Vinyasa Wear
68523524152,Vinyasa Activewear
68523589688,Vinyasa Tops
68523655224,Tanks
68523819064,Support Tanks
68523851832,Layering Tanks
68523917368,Short Sleeve Tops
68523982904,Long Sleeve Tops
68524015672,Support Tops
68524081208,Sports Bras
68524146744,Pants & Leggings
68524179512,Leggings
68524212280,Long Leggings
68524245048,Capris
68524474424,Shorts
68524277816,Pants
68524310584,Joggers
68524408888,Straight Leg
68524441656,Wide Leg
68524507192,Active Accessories
68524539960,Headbands
68524572728,Grip Socks & Gloves
68524638264,Water Bottles
68524671032,Apres Yoga
68524703800,Layering Tops
68524736568,Tanks
68524769336,Short Sleeve Tops
68524802104,Long Sleeve Tops
68524834872,Jackets & Cover-Ups
68524867640,Jackets
68524900408,Wraps & Cardigans
68524933176,Pullovers
68524965944,Pants
68524998712,Dresses & Skirts
68525031480,Men's Vinyasa Wear
68525064248,Men's Activewear
68525097016,Vinyasa Shirts
68525129784,Tanks
68525162552,Short Sleeve
68525195320,Vinyasa Shorts
68525228088,Vinyasa Pants
68525260856,Bags & Accessories
68525293624,Water Bottles
68525326392,Grip Socks & Gloves
68525359160,Grip Socks
68525391928,Grip Gloves
68525424696,Jewelry
68525457464,Necklaces
68525490232,Bracelets
68525523000,Earrings
68525555768,Rings
68525588536,Malas
68525621304,Studio & Mat Bags
68525654072,Studio Bags
68525686840,Tote Bags
68525817912,Aromatherapy
68525850680,Cooling Gels
68525883448,Essential Oils
68525916216,Body Sprays
68525948984,Mat Cleaners
68526014520,Mats & Towels
68526047288,Mats
68526080056,Grip Mats
68526112824,Thick Mats
68526145592,Standard Mats
68526178360,Eco-Friendly Mats
68526211128,Extra Long/Wide Mats
68526243896,Travel Mats
68526276664,Mat Cleaners
68526309432,Towels
68526342200,Hand Towels
68526374968,Mat Towels
68526407736,Grip Towels
68526506040,Extra Long Towels
68525719608,Mat Bags
68525752376,Mat Bags
68525785144,Mat Slings
68526538808,Vinyasa Props
68526571576,Bolsters & Cushions
68526604344,Bolsters
68526637112,Meditation Cushions
68526669880,Eye Pillows
68526702648,Blocks
68526735416,Cork Blocks
68526768184,Wood Blocks
68526800952,Foam Blocks
68526833720,Blankets
68526866488,Straps
68526899256,6' Straps
68526932024,8' Straps
68526964792,10' Straps
68527030328,Vinyasa Books & DVDs
68527063096,Books
68527095864,DVDs
68527128632,Journals
68527161400,Gifts
68527194168,Singing Bowls
68527226936,Incense
68527259704,Smudge Sticks
68527292472,Incense
68527325240,Burners
68527358008,Aromatherapy
68527390776,Essential Oils
68527423544,Body Sprays
68527456312,Room Sprays
68527489080,Note Cards
68502552632,Prayer Wheels
68505337912,Gifts Under $200
68505370680,Gifts for Her
68505403448,Gifts for Him
68505436216,Yoga Gifts for Kids
68505468984,Meditation Gifts
68505501752,Gifts for Hot Yoga
68505534520,Namaslay Yoga Gifts
68505567288,Eco-Friendly Gifts
68505600056,Stocking Stuffers
68505632824,Gifts for the Home
68505665592,12 Days of Holiday Deals
68505698360,Day 1 Deal
68505731128,Day 2 Deal
68505763896,Day 3 Deal
68505796664,Day 4 Deal
68505829432,Day 5 Deal
68505862200,Day 6 Deal
68505894968,Day 7 Deal
68505927736,Day 8 Deal
68505960504,Day 9 Deal
68505993272,Day 10 Deal
68506026040,Day 11 Deal
68506058808,Day 12 Deal
68506091576,Black Friday Doorbusters
68506189880,Gifts Under $15
68504191032,Yoga Gifts
68506550328,Best Sellers
68506583096,Yoga Under $30
68506714168,Yoga Starter Kits
68506746936,18-Day Yoga Challenge
68537450552,Exercise Mats
68537483320,Studio Weights
68531224632,Strappy Back Tops
68508745784,Layering Tanks
68509761592,One Piece
68511629368,Mat Slings
68511858744,Hair Accessories
68511891512,Grip Socks & Gloves
68513759288,Hot Yoga Props
68513890360,Blocks
68513923128,Foam
68513955896,Cork
68513988664,Wood
68514054200,Straps
68514086968,6'
68514119736,8'
68514152504,10'
68514185272,Wedges
68531257400,Tanks
68531290168,Layering Tanks
68531322936,Support Tanks
68531355704,Shirts & Tees
68531388472,Long Sleeve Tees
68531421240,Short Sleeve Tees
68537909304,Yoga Sandbags
68540596280,Hair Ties
68539777080,Fun Stuff
68539809848,Yoga Mat Cleaners
68501995576,QCVN
68538564664,Grip Towels
68506779704,Kids Yoga
68504223800,Bath & Body
68529717304,Studio Collection
68532404280,High Waist Leggings
68538171448,Yoga Mats
68531945528,Capri Leggings
68528537656,The Balance Collection
68502028344,Test YO 3
68528504888,Marika
68528570424,Marika Tek
68528603192,Curve by Marika
68539842616,Yoga Shoes
68539875384,Casual Shoes
68539908152,Athletic Shoes
68539940920,Sandals
68526997560,Sandbags
68525981752,Hair Accessories
68540727352,BPA-Free Plastic
68536926264,Eco Mat Cleaners
68535975992,Eco Bath & Body
68537548856,Yoga Therapy Balls
68537581624,Yoga Stability Balls
68528635960,Gaiam
68528668728,Gaiam Kids
68537942072,SUP Yoga Gear
68503142456,Candles & Candle Holders
68503175224,Aromatheapy Body Lotions & Oils
68504256568,Bath & Shower
68504420408,Body Care & Lotions
68504551480,Skincare
68504715320,Hair Care
68504748088,Nasal & Oral Care
68504780856,Ayurvedic Bath & Body
68504289336,Bath Salts & Soaks
68504322104,Body Wash
68504354872,Scrubs
68504387640,Soap
68504453176,Body Lotions & Creams
68504485944,Body & Massage Oils
68504584248,Cleansers
68504617016,Moisturizers
68504649784,Suncreen
68504682552,Toners
68504518712,Cooling Gels & Muscle Care
68503207992,Diffusers
68540006456,Rings
68501078072,Test YO 1234
68537614392,Yoga Chairs
68521033784,Mats
68537090104,NEW Aromatherapy
68504813624,Yoga Home Decor & Statues
68529979448,End of Year Clearance Sale
68506222648,Gifts for Kids
68504846392,Yoga Statues
68506615864,Yoga Equipment Under $30
68506648632,Yoga Clothes Under $30
68531454008,Yoga Graphic Tees
68530831416,Cutout Yoga Clothes
68530798648,Shop by Trend
68530864184,Mesh Yoga Clothes
68527816760,Yoga Studio Supplies
68527849528,Studio Yoga Mats
68527882296,Studio Yoga Blocks
68527915064,Studio Yoga Blankets
68527947832,Studio Yoga Straps
68528013368,Studio Sandbags
68528078904,Studio Yoga Bolsters
68528111672,Studio Janitorial Supplies
68528144440,Studio Essential Oils
68528177208,Studio Eye Pillows
68538728504,Yoga Wheels
68537647160,Wrist Support Yoga Accessories
68537679928,Knee & Foot Yoga Accessories 
68531486776,Crop Tops
68530339896,Kid's Yoga Clothes
68527521848,Kids Yoga Shop
68527554616,Kids Yoga Clothes
68527587384,Kids Yoga Mats
68527620152,Kids Yoga Accessories
68527652920,Kids Yoga Books & DVDs
68503437368,Kids Yoga Books
68530929720,Leotards
68528439352,Hot Deals
68506255416,Cyber Monday Deals
68540039224,Body Tattoos
68502421560,Tibetan Singing Bowls  
68502454328,Crystal Singing Bowls
68501864504,Zabutons
68528701496,Beyond the Bump
68506878008,New Years Yoga Challenge 2017
68506910776,Day 1: Thighs
68506943544,Day 2: Deep Quad Stretches
68506976312,Day 3: Seat
68507009080,Day 4: Hips, Hamstring Stretches
68507041848,Day 5: Core
68507074616,Day 6: Meditation for Stress Relief
68507107384,Day 7: Improve your Balance
68507140152,Day 8: Arms
68507172920,Day 9: Free from Fear Meditation
68507205688,Day 10: Legs
68507238456,Day 11: Relax into your Hips
68507271224,Day 12: Total Body Sculpt
68507336760,Day 13: Yoga for Tight Hips
68507369528,Day 14: Melt into Splits
68507402296,Bonus Day: Yoga for Swimmers
68528209976,Wholesale Yoga Therapy Accessories
68528242744,Studio Meditation Cushions
68528275512,Wholesale Meditation Cushions
68528308280,Studio Incense and Smudge Sticks
68527685688,Promo Deals
68527718456,Weekend Sale
68527751224,Save Big
68527783992,Free Spirit
68528341048,Studio Yoga Towels
68528734264,Free People
68528767032,Free People Movement
68537712696,Massagers
68528799800,Memorial Day Sale
68528832568,Father's Day Favorites
68528865336,Love Wins Collection 
68504879160,Tapestries
68504911928,Crystals
68532928568,Men's Yoga Tanks
68532961336,Men's Short Sleeves
68532994104,Men's Long Sleeves
68528898104,Made of Stardust
68530012216,Women's Apparel
68530110520,Men's Apparel
68530143288,Accessories
68530176056,Yoga Gear & Accessories
68530208824,Meditation & Accessories
68530241592,Home & Wellness
68506288184,Grateful Thursday Sale
68528930872,Over The Rainbow
68528963640,Basic Witch Collection
68528996408,Dancing Muse
68529029176,Seamless Collection
68529061944,Self Care Collection
68528472120,Collections
68529094712,White Hot
68529127480,Co-Ord Sets
68529160248,Pops of Red
68529193016,Velvet Vibes
68529225784,Tie Dye Dreams
68529291320,Yoga Festival
68529324088,Lace Up for Yoga
68529356856,Making Me Blush
68529389624,Earth Day
68529422392,Cotton Leggings
68529455160,Spring Fling
68529487928,Hot Yoga
68529520696,4th of July 
68529553464,Tops
68529619000,Bottoms
68529651768,Last Call
68529684536,Sporti
68530044984,Womens Tops
68530077752,Womens Bottoms
68529946680,Holiday Specials
68529750072,Cozy Shop
68528373816,Collections
68528406584,Sustainable Props
68502061112,test add subcategory
68502093880,testtesttest
68501307448,Test YO 4
68500914232,Test YO Free Shipping 75+
68500947000,Test YO Free Shipping 1
68500979768,test 1
68501045304,Test YO
68501110840,Test YO Free shipping $75 Create new
68531978296,7/8 Legging
68501143608,Enter Category Name
68501176376,Sub Enter Category Name
68501209144,Test category name 1
68501274680,Test category name 2
68501012536,an test1
68501241912,Test Add Sub category name 1
68506124344,Yoga Gear & Accessories
68506157112,Clothing 
68529848376,Final Few
68529881144,Women's Apparel - Final Few
68529913912,Men's Apparel - Final Few
